"firstName","lastName","birthDate","email","phone","title"
"Eric","Jaguon","""1970-01-12T23:00:00.000Z""","sqdq","sd","1"
"Aymeric","qss","""2017-02-27T23:00:00.000Z""","qsdsd","qdqsd","2"
"Test","Aymeric","""2014-12-15T00:00:00.000Z""","sdfsdf@jsdufy.com","215487878","sdfsdf"
"Test","Aymeric","""2014-12-15T00:00:00.000Z""","sdfsdf@jsdufy.com","215487878","sdfsdf"
"Test","Aymeric","""2014-12-15T00:00:00.000Z""","sdfsdf@jsdufy.com","215487878","sdfsdf"
"Test","Aymeric","""2014-12-15T00:00:00.000Z""","sdfsdf@jsdufy.com","215487878","sdfsdf"
"Test","Aymeric","""2014-12-15T00:00:00.000Z""","sdfsdf@jsdufy.com","215487878","sdfsdf"
"Test","Aymeric","""2014-12-15T00:00:00.000Z""","sdfsdf@jsdufy.com","215487878","sdfsdf"
"Test","Aymeric","""2014-12-15T00:00:00.000Z""","sdfsdf@jsdufy.com","215487878","sdfsdf"
"Test","Aymeric","""2014-12-15T00:00:00.000Z""","sdfsdf@jsdufy.com","215487878","sdfsdf"
"Test","Aymeric","""2014-12-15T00:00:00.000Z""","sdfsdf@jsdufy.com","215487878","sdfsdf"
"Test","Aymeric","""2014-12-15T00:00:00.000Z""","sdfsdf@jsdufy.com","215487878","sdfsdf"
"Test","Aymeric","""2014-12-15T00:00:00.000Z""","sdfsdf@jsdufy.com","215487878","sdfsdf"
"Test","Aymeric","""2014-12-15T00:00:00.000Z""","sdfsdf@jsdufy.com","215487878","sdfsdf"
"Test","Aymeric","""2014-12-15T00:00:00.000Z""","sdfsdf@jsdufy.com","215487878","sdfsdf"
"Test","Aymeric","""2014-12-15T00:00:00.000Z""","sdfsdf@jsdufy.com","215487878","sdfsdf"
"Test","Aymeric","""2014-12-15T00:00:00.000Z""","sdfsdf@jsdufy.com","215487878","sdfsdf"
"Test","Aymeric","""2014-12-15T00:00:00.000Z""","sdfsdf@jsdufy.com","215487878","sdfsdf"
"Test","Aymeric","""2014-12-15T00:00:00.000Z""","sdfsdf@jsdufy.com","215487878","sdfsdf"
"Test","Aymeric","""2014-12-15T00:00:00.000Z""","sdfsdf@jsdufy.com","215487878","sdfsdf"
"Test","Aymeric","""2014-12-15T00:00:00.000Z""","sdfsdf@jsdufy.com","215487878","sdfsdf"
"Test","Aymeric","""2014-12-15T00:00:00.000Z""","sdfsdf@jsdufy.com","215487878","sdfsdf"
"Test","Aymeric","""2014-12-15T00:00:00.000Z""","sdfsdf@jsdufy.com","215487878","sdfsdf"
"Test","Aymeric","""2014-12-15T00:00:00.000Z""","sdfsdf@jsdufy.com","215487878","sdfsdf"
"Test","Aymeric","""2014-12-15T00:00:00.000Z""","sdfsdf@jsdufy.com","215487878","sdfsdf"
"Test","Aymeric","""2014-12-15T00:00:00.000Z""","sdfsdf@jsdufy.com","215487878","sdfsdf"
"Test","Aymeric","""2014-12-15T00:00:00.000Z""","sdfsdf@jsdufy.com","215487878","sdfsdf"
"Test","Aymeric","""2014-12-15T00:00:00.000Z""","sdfsdf@jsdufy.com","215487878","sdfsdf"
"Test","Aymeric","""2014-12-15T00:00:00.000Z""","sdfsdf@jsdufy.com","215487878","sdfsdf"
"Test","Aymeric","""2014-12-15T00:00:00.000Z""","sdfsdf@jsdufy.com","215487878","sdfsdf"
"Test","Aymeric","""2014-12-15T00:00:00.000Z""","sdfsdf@jsdufy.com","215487878","sdfsdf"
"Test","Aymeric","""2014-12-15T00:00:00.000Z""","sdfsdf@jsdufy.com","215487878","sdfsdf"
"Test","Aymeric","""2014-12-15T00:00:00.000Z""","sdfsdf@jsdufy.com","215487878","sdfsdf"
"Test","Aymeric","""2014-12-15T00:00:00.000Z""","sdfsdf@jsdufy.com","215487878","sdfsdf"
"Test","Aymeric","""2014-12-15T00:00:00.000Z""","sdfsdf@jsdufy.com","215487878","sdfsdf"
"Test","Aymeric","""2014-12-15T00:00:00.000Z""","sdfsdf@jsdufy.com","215487878","sdfsdf"
"Test","Aymeric","""2014-12-15T00:00:00.000Z""","sdfsdf@jsdufy.com","215487878","sdfsdf"
"Test","Aymeric","""2014-12-15T00:00:00.000Z""","sdfsdf@jsdufy.com","215487878","sdfsdf"
"Test","Aymeric","""2014-12-15T00:00:00.000Z""","sdfsdf@jsdufy.com","215487878","sdfsdf"
"Test","Aymeric","""2014-12-15T00:00:00.000Z""","sdfsdf@jsdufy.com","215487878","sdfsdf"
"Test","Aymeric","""2014-12-15T00:00:00.000Z""","sdfsdf@jsdufy.com","215487878","sdfsdf"
"Test","Aymeric","""2014-12-15T00:00:00.000Z""","sdfsdf@jsdufy.com","215487878","sdfsdf"
"Test","Aymeric","""2014-12-15T00:00:00.000Z""","sdfsdf@jsdufy.com","215487878","sdfsdf"
"Test","Aymeric","""2014-12-15T00:00:00.000Z""","sdfsdf@jsdufy.com","215487878","sdfsdf"
"Test","Aymeric","""2014-12-15T00:00:00.000Z""","sdfsdf@jsdufy.com","215487878","sdfsdf"
"Test","Aymeric","""2014-12-15T00:00:00.000Z""","sdfsdf@jsdufy.com","215487878","sdfsdf"
"Test","Aymeric","""2014-12-15T00:00:00.000Z""","sdfsdf@jsdufy.com","215487878","sdfsdf"
"Test","Aymeric","""2014-12-15T00:00:00.000Z""","sdfsdf@jsdufy.com","215487878","sdfsdf"
"Test","Aymeric","""2014-12-15T00:00:00.000Z""","sdfsdf@jsdufy.com","215487878","sdfsdf"
"Test","Aymeric","""2014-12-15T00:00:00.000Z""","sdfsdf@jsdufy.com","215487878","sdfsdf"
"Test","Aymeric","""2014-12-15T00:00:00.000Z""","sdfsdf@jsdufy.com","215487878","sdfsdf"
"Test","Aymeric","""2014-12-15T00:00:00.000Z""","sdfsdf@jsdufy.com","215487878","sdfsdf"
"Test","Aymeric","""2014-12-15T00:00:00.000Z""","sdfsdf@jsdufy.com","215487878","sdfsdf"
"Test","Aymeric","""2014-12-15T00:00:00.000Z""","sdfsdf@jsdufy.com","215487878","sdfsdf"
"Test","Aymeric","""2014-12-15T00:00:00.000Z""","sdfsdf@jsdufy.com","215487878","sdfsdf"
"Test","Aymeric","""2014-12-15T00:00:00.000Z""","sdfsdf@jsdufy.com","215487878","sdfsdf"
"Test","Aymeric","""2014-12-15T00:00:00.000Z""","sdfsdf@jsdufy.com","215487878","sdfsdf"
"Test","Aymeric","""2014-12-15T00:00:00.000Z""","sdfsdf@jsdufy.com","215487878","sdfsdf"
"Test","Aymeric","""2014-12-15T00:00:00.000Z""","sdfsdf@jsdufy.com","215487878","sdfsdf"
"Test","Aymeric","""2014-12-15T00:00:00.000Z""","sdfsdf@jsdufy.com","215487878","sdfsdf"
"Test","Aymeric","""2014-12-15T00:00:00.000Z""","sdfsdf@jsdufy.com","215487878","sdfsdf"
"Test","Aymeric","""2014-12-15T00:00:00.000Z""","sdfsdf@jsdufy.com","215487878","sdfsdf"
"Test","Aymeric","""2014-12-15T00:00:00.000Z""","sdfsdf@jsdufy.com","215487878","sdfsdf"
"Test","Aymeric","""2014-12-15T00:00:00.000Z""","sdfsdf@jsdufy.com","215487878","sdfsdf"
"Test","Aymeric","""2014-12-15T00:00:00.000Z""","sdfsdf@jsdufy.com","215487878","sdfsdf"
"Test","Aymeric","""2014-12-15T00:00:00.000Z""","sdfsdf@jsdufy.com","215487878","sdfsdf"
"Test","Aymeric","""2014-12-15T00:00:00.000Z""","sdfsdf@jsdufy.com","215487878","sdfsdf"
"Test","Aymeric","""2014-12-15T00:00:00.000Z""","sdfsdf@jsdufy.com","215487878","sdfsdf"
"Test","Aymeric","""2014-12-15T00:00:00.000Z""","sdfsdf@jsdufy.com","215487878","sdfsdf"
"Test","Aymeric","""2014-12-15T00:00:00.000Z""","sdfsdf@jsdufy.com","215487878","sdfsdf"
"Test","Aymeric","""2014-12-15T00:00:00.000Z""","sdfsdf@jsdufy.com","215487878","sdfsdf"
"Test","Aymeric","""2014-12-15T00:00:00.000Z""","sdfsdf@jsdufy.com","215487878","sdfsdf"
"Test","Aymeric","""2014-12-15T00:00:00.000Z""","sdfsdf@jsdufy.com","215487878","sdfsdf"
"Test","Aymeric","""2014-12-15T00:00:00.000Z""","sdfsdf@jsdufy.com","215487878","sdfsdf"
"Test","Aymeric","""2014-12-15T00:00:00.000Z""","sdfsdf@jsdufy.com","215487878","sdfsdf"
"Test","Aymeric","""2014-12-15T00:00:00.000Z""","sdfsdf@jsdufy.com","215487878","sdfsdf"
"Test","Aymeric","""2014-12-15T00:00:00.000Z""","sdfsdf@jsdufy.com","215487878","sdfsdf"
"Test","Aymeric","""2014-12-15T00:00:00.000Z""","sdfsdf@jsdufy.com","215487878","sdfsdf"
"Test","Aymeric","""2014-12-15T00:00:00.000Z""","sdfsdf@jsdufy.com","215487878","sdfsdf"
"Test","Aymeric","""2014-12-15T00:00:00.000Z""","sdfsdf@jsdufy.com","215487878","sdfsdf"
"Test","Aymeric","""2014-12-15T00:00:00.000Z""","sdfsdf@jsdufy.com","215487878","sdfsdf"
"Test","Aymeric","""2014-12-15T00:00:00.000Z""","sdfsdf@jsdufy.com","215487878","sdfsdf"
"Test","Aymeric","""2014-12-15T00:00:00.000Z""","sdfsdf@jsdufy.com","215487878","sdfsdf"
"Test","Aymeric","""2014-12-15T00:00:00.000Z""","sdfsdf@jsdufy.com","215487878","sdfsdf"
"Test","Aymeric","""2014-12-15T00:00:00.000Z""","sdfsdf@jsdufy.com","215487878","sdfsdf"
"Test","Aymeric","""2014-12-15T00:00:00.000Z""","sdfsdf@jsdufy.com","215487878","sdfsdf"
"Test","Aymeric","""2014-12-15T00:00:00.000Z""","sdfsdf@jsdufy.com","215487878","sdfsdf"
"Test","Aymeric","""2014-12-15T00:00:00.000Z""","sdfsdf@jsdufy.com","215487878","sdfsdf"
"Test","Aymeric","""2014-12-15T00:00:00.000Z""","sdfsdf@jsdufy.com","215487878","sdfsdf"
"Test","Aymeric","""2014-12-15T00:00:00.000Z""","sdfsdf@jsdufy.com","215487878","sdfsdf"
"Test","Aymeric","""2014-12-15T00:00:00.000Z""","sdfsdf@jsdufy.com","215487878","sdfsdf"
"Test","Aymeric","""2014-12-15T00:00:00.000Z""","sdfsdf@jsdufy.com","215487878","sdfsdf"
"Test","Aymeric","""2014-12-15T00:00:00.000Z""","sdfsdf@jsdufy.com","215487878","sdfsdf"
"Test","Aymeric","""2014-12-15T00:00:00.000Z""","sdfsdf@jsdufy.com","215487878","sdfsdf"
"Test","Aymeric","""2014-12-15T00:00:00.000Z""","sdfsdf@jsdufy.com","215487878","sdfsdf"
"Test","Aymeric","""2014-12-15T00:00:00.000Z""","sdfsdf@jsdufy.com","215487878","sdfsdf"
"Test","Aymeric","""2014-12-15T00:00:00.000Z""","sdfsdf@jsdufy.com","215487878","sdfsdf"
"Test","Aymeric","""2014-12-15T00:00:00.000Z""","sdfsdf@jsdufy.com","215487878","sdfsdf"
"Test","Aymeric","""2014-12-15T00:00:00.000Z""","sdfsdf@jsdufy.com","215487878","sdfsdf"
"Test","Aymeric","""2014-12-15T00:00:00.000Z""","sdfsdf@jsdufy.com","215487878","sdfsdf"
"Test","Aymeric","""2014-12-15T00:00:00.000Z""","sdfsdf@jsdufy.com","215487878","sdfsdf"
"Test","Aymeric","""2014-12-15T00:00:00.000Z""","sdfsdf@jsdufy.com","215487878","sdfsdf"
"Test","Aymeric","""2014-12-15T00:00:00.000Z""","sdfsdf@jsdufy.com","215487878","sdfsdf"
"Test","Aymeric","""2014-12-15T00:00:00.000Z""","sdfsdf@jsdufy.com","215487878","sdfsdf"
"Test","Aymeric","""2014-12-15T00:00:00.000Z""","sdfsdf@jsdufy.com","215487878","sdfsdf"
"Test","Aymeric","""2014-12-15T00:00:00.000Z""","sdfsdf@jsdufy.com","215487878","sdfsdf"
"Test","Aymeric","""2014-12-15T00:00:00.000Z""","sdfsdf@jsdufy.com","215487878","sdfsdf"
"Test","Aymeric","""2014-12-15T00:00:00.000Z""","sdfsdf@jsdufy.com","215487878","sdfsdf"
"Test","Aymeric","""2014-12-15T00:00:00.000Z""","sdfsdf@jsdufy.com","215487878","sdfsdf"
"Test","Aymeric","""2014-12-15T00:00:00.000Z""","sdfsdf@jsdufy.com","215487878","sdfsdf"
"Test","Aymeric","""2014-12-15T00:00:00.000Z""","sdfsdf@jsdufy.com","215487878","sdfsdf"
"Test","Aymeric","""2014-12-15T00:00:00.000Z""","sdfsdf@jsdufy.com","215487878","sdfsdf"
"Test","Aymeric","""2014-12-15T00:00:00.000Z""","sdfsdf@jsdufy.com","215487878","sdfsdf"
"Test","Aymeric","""2014-12-15T00:00:00.000Z""","sdfsdf@jsdufy.com","215487878","sdfsdf"
"Test","Aymeric","""2014-12-15T00:00:00.000Z""","sdfsdf@jsdufy.com","215487878","sdfsdf"
"Test","Aymeric","""2014-12-15T00:00:00.000Z""","sdfsdf@jsdufy.com","215487878","sdfsdf"
"Test","Aymeric","""2014-12-15T00:00:00.000Z""","sdfsdf@jsdufy.com","215487878","sdfsdf"
"Test","Aymeric","""2014-12-15T00:00:00.000Z""","sdfsdf@jsdufy.com","215487878","sdfsdf"
"Test","Aymeric","""2014-12-15T00:00:00.000Z""","sdfsdf@jsdufy.com","215487878","sdfsdf"
"Test","Aymeric","""2014-12-15T00:00:00.000Z""","sdfsdf@jsdufy.com","215487878","sdfsdf"
"Test","Aymeric","""2014-12-15T00:00:00.000Z""","sdfsdf@jsdufy.com","215487878","sdfsdf"
"Test","Aymeric","""2014-12-15T00:00:00.000Z""","sdfsdf@jsdufy.com","215487878","sdfsdf"
"Test","Aymeric","""2014-12-15T00:00:00.000Z""","sdfsdf@jsdufy.com","215487878","sdfsdf"
"Test","Aymeric","""2014-12-15T00:00:00.000Z""","sdfsdf@jsdufy.com","215487878","sdfsdf"
"Test","Aymeric","""2014-12-15T00:00:00.000Z""","sdfsdf@jsdufy.com","215487878","sdfsdf"
"Test","Aymeric","""2014-12-15T00:00:00.000Z""","sdfsdf@jsdufy.com","215487878","sdfsdf"
"Test","Aymeric","""2014-12-15T00:00:00.000Z""","sdfsdf@jsdufy.com","215487878","sdfsdf"
"Test","Aymeric","""2014-12-15T00:00:00.000Z""","sdfsdf@jsdufy.com","215487878","sdfsdf"
"Test","Aymeric","""2014-12-15T00:00:00.000Z""","sdfsdf@jsdufy.com","215487878","sdfsdf"
"Test","Aymeric","""2014-12-15T00:00:00.000Z""","sdfsdf@jsdufy.com","215487878","sdfsdf"
"Test","Aymeric","""2014-12-15T00:00:00.000Z""","sdfsdf@jsdufy.com","215487878","sdfsdf"
"Test","Aymeric","""2014-12-15T00:00:00.000Z""","sdfsdf@jsdufy.com","215487878","sdfsdf"
"Test","Aymeric","""2014-12-15T00:00:00.000Z""","sdfsdf@jsdufy.com","215487878","sdfsdf"
"Test","Aymeric","""2014-12-15T00:00:00.000Z""","sdfsdf@jsdufy.com","215487878","sdfsdf"
"Test","Aymeric","""2014-12-15T00:00:00.000Z""","sdfsdf@jsdufy.com","215487878","sdfsdf"
"Test","Aymeric","""2014-12-15T00:00:00.000Z""","sdfsdf@jsdufy.com","215487878","sdfsdf"
"Test","Aymeric","""2014-12-15T00:00:00.000Z""","sdfsdf@jsdufy.com","215487878","sdfsdf"
"Test","Aymeric","""2014-12-15T00:00:00.000Z""","sdfsdf@jsdufy.com","215487878","sdfsdf"
"Test","Aymeric","""2014-12-15T00:00:00.000Z""","sdfsdf@jsdufy.com","215487878","sdfsdf"
"Test","Aymeric","""2014-12-15T00:00:00.000Z""","sdfsdf@jsdufy.com","215487878","sdfsdf"
"Test","Aymeric","""2014-12-15T00:00:00.000Z""","sdfsdf@jsdufy.com","215487878","sdfsdf"
"Test","Aymeric","""2014-12-15T00:00:00.000Z""","sdfsdf@jsdufy.com","215487878","sdfsdf"
"Test","Aymeric","""2014-12-15T00:00:00.000Z""","sdfsdf@jsdufy.com","215487878","sdfsdf"
"Test","Aymeric","""2014-12-15T00:00:00.000Z""","sdfsdf@jsdufy.com","215487878","sdfsdf"
"Test","Aymeric","""2014-12-15T00:00:00.000Z""","sdfsdf@jsdufy.com","215487878","sdfsdf"
"Test","Aymeric","""2014-12-15T00:00:00.000Z""","sdfsdf@jsdufy.com","215487878","sdfsdf"
"Test","Aymeric","""2014-12-15T00:00:00.000Z""","sdfsdf@jsdufy.com","215487878","sdfsdf"
"Test","Aymeric","""2014-12-15T00:00:00.000Z""","sdfsdf@jsdufy.com","215487878","sdfsdf"
"Test","Aymeric","""2014-12-15T00:00:00.000Z""","sdfsdf@jsdufy.com","215487878","sdfsdf"
"Test","Aymeric","""2014-12-15T00:00:00.000Z""","sdfsdf@jsdufy.com","215487878","sdfsdf"
"Test","Aymeric","""2014-12-15T00:00:00.000Z""","sdfsdf@jsdufy.com","215487878","sdfsdf"
"Test","Aymeric","""2014-12-15T00:00:00.000Z""","sdfsdf@jsdufy.com","215487878","sdfsdf"
"Test","Aymeric","""2014-12-15T00:00:00.000Z""","sdfsdf@jsdufy.com","215487878","sdfsdf"
"Test","Aymeric","""2014-12-15T00:00:00.000Z""","sdfsdf@jsdufy.com","215487878","sdfsdf"
"Test","Aymeric","""2014-12-15T00:00:00.000Z""","sdfsdf@jsdufy.com","215487878","sdfsdf"
"Test","Aymeric","""2014-12-15T00:00:00.000Z""","sdfsdf@jsdufy.com","215487878","sdfsdf"
"Test","Aymeric","""2014-12-15T00:00:00.000Z""","sdfsdf@jsdufy.com","215487878","sdfsdf"